{"cameraMode":{"drawMode":0,"name":"Shaded","section":"Shading Mode"},"sceneLighting":false,"audioPlay":false,"sceneViewState":{"showFog":false,"showMaterialUpdate":false,"showSkybox":false,"showFlares":false,"showImageEffects":false,"showParticleSystems":false},"in2DMode":false,"pivot":{"x":465.1288757324219,"y":173.84132385253907,"z":-0.1835479736328125},"rotation":{"x":0.028779080137610437,"y":-0.043473634868860248,"z":0.0012465504696592689,"w":0.9986516833305359},"size":252.36012268066407,"orthographic":false}